,County,State,Total Biomass (dry tons),Gasification Plants,Weighted Average Cost ($/dt),Weighted Average MC,Weighted Average LCA (kg CO2e/dt),Raw Biomass (tons),Pretreated Biomass,Trucks Per Day,Total Transportation Cost ($/dt),Best Formation,Best Formation State,Raw Distance (mi),Transport Cost ($/t),Storage Cost ($/t),T&S Cost ($/t)
56,Carroll,IN,800806,3,56,0.2,-1.4287969539999998,1001007.5,882888.615,25,13.437931166474266,Mount Simon6,IN,37.2,3.18,7.41,10.59
305,Steele,MN,892602,3,56,0.2,-1.428796954,1115752.5,984093.705,25,13.437931166474266,Mount Simon3,IL,350,25.79,7.65,33.44
355,Dodge,MN,585255,2,56,0.2,-1.428796954,731568.75,645243.6375,25,13.437931166474266,Mount Simon3,IL,339.6,24.67,7.65,32.32
206,Redwood,MN,535730,2,56.00396247524564,0.1999433932107765,-1.375484756520986,669615.119047619,590638.4397619048,25,13.436980386078629,Basal Cambrian8,ND,314.6,23.12,11.96,35.08
325,Waseca,MN,629456,2,56,0.2,-1.428796954,786820,693975.24,25,13.437931166474266,Mount Simon3,IL,361.2,26.2,7.65,33.85
859,Fountain,IN,582763,2,56,0.2,-1.428796954,728453.75,642496.2075,25,13.437931166474266,Mount Simon6,IN,63,5.19,7.41,12.6
1041,Warren,IN,608180,2,56,0.2,-1.428796954,760225,670518.45,25,13.437931166474266,Mount Simon6,IN,69.1,5.66,7.41,13.07
1054,Clinton,IA,600809,2,56,0.2,-1.428796954,751011.25,662391.9225,25,13.437931166474266,Mount Simon3,IL,152.7,11.77,7.65,19.42
1055,DeKalb,IL,645058,2,56,0.2,-1.428796954,806322.5,711176.445,25,13.437931166474266,Mount Simon3,IL,138.7,10.6,7.65,18.25
1019,Scott,IA,612412,2,56,0.2,-1.428796954,765515,675184.23,25,13.437931166474266,Mount Simon3,IL,139.4,10.6,7.65,18.25
747,Kossuth,IA,614785,2,56,0.2,-1.428796954,768481.25,677800.4625,25,13.437931166474266,Mount Simon3,IL,343,25.07,7.65,32.72
755,Blue Earth,MN,625074,2,56,0.2,-1.428796954,781342.5,689144.085,25,13.437931166474266,Mount Simon3,IL,377.5,27.33,7.65,34.98
511,Iroquois,IL,543589,2,56,0.2,-1.428796954,679486.25,599306.8725,25,13.437931166474266,Mount Simon3,IL,94,7.32,7.65,14.97
2303,Brown,MN,602849,2,56.00447687963259,0.1999360445766772,-1.3685638228719208,753501.0119047619,664636.0829761905,25,13.436856966629982,Basal Cambrian8,ND,340,24.67,11.96,36.63
2365,Clay,SD,566229,2,56,0.2,-1.428796954,707786.25,624267.4725,25,13.437931166474266,Maha01,NE,303.3,21.97,9.23,31.2
2433,Bureau,IL,564323,2,56,0.2,-1.428796954,705403.75,622166.1075,25,13.437931166474266,Mount Simon3,IL,103.7,7.78,7.65,15.43
2731,Chippewa,MN,628572,2,56,0.2,-1.428796954,785715,693000.63,25,13.437931166474266,Basal Cambrian8,ND,272.7,20.01,11.96,31.97
2709,Sibley,MN,692965,2,56.00973763439678,0.1998608909371889,-1.2977842269147026,866055.6547619047,763981.5636904761,25,13.43559490020567,Basal Cambrian8,ND,340.2,24.67,11.96,36.63
2145,Swift,MN,628572,2,56,0.2,-1.428796954,785715,693000.63,25,13.437931166474266,Basal Cambrian8,ND,255.5,18.85,11.96,30.81
2000,Boone,IL,566421,2,56,0.2,-1.428796954,708026.25,624479.1525,25,13.437931166474266,Mount Simon3,IL,167.7,12.95,7.65,20.6
1874,Putnam,IL,750706,2,56,0.2,-1.428796954,938382.5,827653.365,25,13.437931166474266,Mount Simon3,IL,88.9,7.32,7.65,14.97
1845,McLean,IL,755687,2,56,0.2,-1.428796954,944608.75,833144.9175,25,13.437931166474266,Mount Simon3,IL,44.5,3.96,7.65,11.61
1571,Kane,IL,645058,2,56,0.2,-1.428796954,806322.5,711176.445,25,13.437931166474266,Mount Simon3,IL,146,11.34,7.65,18.99
1425,Blackford,IN,582285,2,56,0.2,-1.428796954,727856.25,641969.2125,25,13.437931166474266,Mount Simon6,IN,42.7,3.96,7.41,11.37
1544,Hill,MT,569092,2,58.8,0.16,36.24314891,677490.4761904762,624646.2190476191,25,12.798029682356448,Duperow-Lower1,MT,69.9,5.66,15.17,20.83
1218,Livingston,IL,687008,2,56,0.2,-1.428796954,858760,757426.32,25,13.437931166474266,Mount Simon3,IL,76.2,6.11,7.65,13.76
1324,Watonwan,MN,602849,2,56.00447687963259,0.1999360445766772,-1.3685638228719208,753501.0119047619,664636.0829761905,25,13.436856966629982,Mount Simon3,IL,393.9,28.46,7.65,36.11
1122,Clinton,IN,576008,2,56,0.2,-1.428796954,720010,635048.82,25,13.437931166474266,Mount Simon6,IN,23.2,3.18,7.41,10.59
2790,Union,SD,566229,2,56,0.2,-1.428796954,707786.25,624267.4725,25,13.437931166474266,Maha01,NE,316.8,23.12,9.23,32.35
1132,Richland,ND,586938,2,56.765230263644845,0.1890681390907879,8.866814855115333,723782.1428571428,646288.1357142858,25,13.256779578405256,Basal Cambrian8,ND,164.4,12.2,11.96,24.16
96,Hickman,KY,284615,1,56.47879618902084,0.1931600544425594,5.01305451481522,352752.7380952381,313540.7245238096,25,13.324011772560503,Knox5,KY,107.9,8.52,10.89,19.41
77,Wright,IA,456563,1,56,0.2,-1.428796954,570703.75,503360.7075,25,13.437931166474266,Mount Simon3,IL,303.9,22.7,7.65,30.35
95,Jay,IN,302493,1,56,0.2,-1.428796954,378116.25,333498.53250000003,25,13.437931166474266,Mount Simon6,IN,57.5,4.43,7.41,11.84
133,Dallam,TX,338207,1,56.05383096771375,0.196369054708259,1.395686799640843,420848.65196078434,372716.58946078434,25,13.377216241065396,Wolfcamp1,TX,122.7,9.72,8.01,17.73
98,Cass,ND,363992,1,56.8792743874332,0.1874389373223829,10.401194875637556,447956.4880952381,400724.4320238095,25,13.23019946064608,Basal Cambrian8,ND,124.8,9.72,11.96,21.68
110,Buffalo,NE,448866,1,56,0.2,-1.428796954,561082.5,494874.765,25,13.437931166474266,Maha01,NE,182.3,14.11,9.23,23.34
67,Sarpy,NE,345760,1,56.002097872818666,0.1999700303883048,-1.400571614266333,432183.8095238095,381199.0723809524,25,13.43742777335858,Arbuckle4,KS,288.6,21.57,8.38,29.95
184,Boone,IA,277104,1,56,0.2,-1.428796954,346380,305507.16,25,13.437931166474266,Mount Simon3,IL,285.4,20.83,7.65,28.48
230,Scott,IL,303594,1,56,0.2,-1.4287969539999998,379492.5,334712.385,25,13.437931166474266,Mount Simon3,IL,68.6,5.66,7.65,13.31
232,Rush,IN,392300,1,56,0.2,-1.428796954,490375,432510.75,25,13.437931166474266,Mount Simon6,IN,51.1,4.43,7.41,11.84
237,Hamilton,NE,480493,1,55.98380465720136,0.2002313620399806,-1.3971731822676476,600790,529757.78,25,13.44181857468238,Arbuckle4,KS,229.1,17.28,8.38,25.66
245,Nance,NE,393930,1,56,0.2,-1.428796954,492412.5,434307.825,25,13.437931166474266,Maha01,NE,234.1,17.28,9.23,26.51
151,Hendricks,IN,384744,1,56,0.2,-1.428796954,480930,424180.26,25,13.437931166474266,Mount Simon6,IN,38.3,3.18,7.41,10.59
183,Crawford,IA,372665,1,56,0.2,-1.428796954,465831.25,410863.1625,25,13.437931166474266,Mount Simon3,IL,352.5,25.79,7.65,33.44
104,Cass,IL,404637,1,56,0.2,-1.428796954,505796.25,446112.2925,25,13.437931166474266,Mount Simon3,IL,53.3,4.43,7.65,12.08
367,Turner,SD,362209,1,56.00803334727975,0.1998852378960035,-1.320714159775174,452696.3095238095,399330.0973809524,25,13.43600373640165,Maha01,NE,305.1,22.7,9.23,31.93
362,Ford,IL,419150,1,56,0.2,-1.428796954,523937.5,462112.875,25,13.437931166474266,Mount Simon3,IL,71.2,5.66,7.65,13.31
354,Dodge,WI,327103,1,56,0.2,-1.428796954,408878.75,360631.0575,25,13.437931166474266,Mount Simon7,MI,167.9,12.95,9.15,22.1
341,McLeod,MN,430971,1,56.01168458473186,0.1998330773609734,-1.2715894384778588,538601.369047619,475136.3122619048,25,13.435127882721964,Basal Cambrian8,ND,327.2,24.25,11.96,36.21
332,Nobles,MN,364633,1,56,0.2,-1.428796954,455791.25,402007.8825,25,13.437931166474266,Maha01,NE,379.3,27.33,9.23,36.56
335,Perkins,NE,333227,1,56,0.2,-1.428796954,416533.75,367382.7675,25,13.437931166474266,Maha01,NE,57,4.43,9.23,13.66
317,Madison,IN,288018,1,56,0.2,-1.428796954,360022.5,317539.84500000003,25,13.437931166474266,Mount Simon6,IN,17.9,3.18,7.41,10.59
322,Shelby,IN,442795,1,56,0.2,-1.428796954,553493.75,488181.4875,25,13.437931166474266,Mount Simon6,IN,49.2,3.96,7.41,11.37
416,Franklin,IA,314274,1,56,0.2,-1.428796954,392842.5,346487.085,25,13.437931166474266,Mount Simon3,IL,285.5,20.83,7.65,28.48
420,Hamilton,IA,436510,1,56,0.2,-1.428796954,545637.5,481252.275,25,13.437931166474266,Mount Simon3,IL,288.8,21.57,7.65,29.22
485,Vanderburgh,IN,334160,1,56.08028411456944,0.1988530840775795,-0.3486330905003938,417102.0238095238,368362.3659523809,25,13.418693524897035,Knox5,KY,41,3.18,10.89,14.07
369,Brookings,SD,317577,1,56.02848841971603,0.1995930225754854,-1.0455061663953968,396769.40476190473,350112.09119047615,25,13.431098474142509,Basal Cambrian8,ND,274.5,20.43,11.96,32.39
386,Cerro Gordo,IA,361255,1,56,0.2,-1.428796954,451568.75,398283.6375,25,13.437931166474266,Mount Simon3,IL,302,21.97,7.65,29.62
388,Chickasaw,IA,304788,1,56,0.2,-1.428796954,380985,336028.77,25,13.437931166474266,Mount Simon3,IL,269.4,20.01,7.65,27.66
379,McCook,SD,265769,1,56,0.2,-1.428796954,332211.25,293010.3225,25,13.437931166474266,InyanKara2,SD,284.8,20.83,10.95,31.78
374,Hutchinson,SD,286948,1,56.07776185398979,0.1988891163715743,-0.3825682562186297,358187.61904761905,316319.3847619048,25,13.419297069699631,Maha01,NE,278.7,20.43,9.23,29.66
555,Fillmore,NE,438736,1,55.96959579261658,0.2004343458197632,-1.3694282993225133,548717.9166666666,483730.8691666666,25,13.445231016333889,Arbuckle4,KS,213.9,16.13,8.38,24.51
537,Miami,IN,373207,1,56,0.2,-1.428796954,466508.75,411460.7175,25,13.437931166474266,Mount Simon6,IN,39,3.18,7.41,10.59
577,Fulton,OH,342056,1,56.26504156538108,0.1962136919231274,2.137142868409227,425555.8928571429,376951.58321428567,25,13.37463057675184,Mount Simon7,MI,97,7.78,9.15,16.93
638,Cass,IN,461559,1,56,0.2,-1.428796954,576948.75,508868.7975,25,13.437931166474266,Mount Simon6,IN,41.5,3.18,7.41,10.59
661,Clark,OH,291363,1,56,0.2,-1.428796954,364203.75,321227.7075,25,13.437931166474266,Mount Simon6,IN,121.9,9.72,7.41,17.13
670,Des Moines,IA,317390,1,56,0.2,-1.428796954,396737.5,349922.475,25,13.437931166474266,Mount Simon3,IL,123.8,9.72,7.65,17.37
639,Warren,IL,434643,1,56,0.2,-1.428796954,543303.75,479193.9075,25,13.437931166474266,Mount Simon3,IL,96.9,7.78,7.65,15.43
652,Adams,IN,489276,1,56,0.2,-1.428796954,611595,539426.79,25,13.437931166474266,Mount Simon6,IN,69.6,5.66,7.41,13.07
680,York,NE,421974,1,55.98832399031422,0.2001668001383683,-1.4059978401042028,527577.5,465235.355,25,13.440733561746606,Arbuckle4,KS,236.1,17.71,8.38,26.09
678,Cedar,IA,336970,1,56,0.2,-1.428796954,421212.5,371509.425,25,13.437931166474266,Mount Simon3,IL,162,12.2,7.65,19.85
681,Merrick,NE,393930,1,56,0.2,-1.428796954,492412.5,434307.825,25,13.437931166474266,Maha01,NE,232.5,17.28,9.23,26.51
459,Tazewell,IL,333449,1,56,0.2,-1.428796954,416811.25,367627.5225,25,13.437931166474266,Mount Simon3,IL,43.1,3.96,7.65,11.61
487,Allen,OH,357720,1,56.17179531174787,0.1975457812607447,0.8825829330909831,445782.4404761905,394274.1601190476,25,13.39683271909194,Mount Simon6,IN,109.3,8.52,7.41,15.93
532,Wabash,IN,301329,1,56,0.2,-1.428796954,376661.25,332215.2225,25,13.437931166474266,Mount Simon6,IN,46.4,3.96,7.41,11.37
398,Winnebago,IA,303895,1,56,0.2,-1.4287969539999998,379868.75,335044.2375,25,13.437931166474266,Mount Simon3,IL,333.3,24.25,7.65,31.9
381,Lac qui Parle,MN,309591,1,56,0.2,-1.428796954,386988.75,341324.0775,25,13.437931166474266,Basal Cambrian8,ND,254.8,18.85,11.96,30.81
698,Kearney,NE,403526,1,55.97179628596056,0.2004029102005634,-1.3737250839027402,504661.6666666667,444908.2566666667,25,13.444702426163069,Arbuckle4,KS,195.4,14.55,8.38,22.93
719,Marshall,IL,519315,1,56,0.2,-1.428796954,649143.75,572544.7875,25,13.437931166474266,Mount Simon3,IL,76.9,6.11,7.65,13.76
684,Dane,WI,359958,1,56,0.2,-1.428796954,449947.5,396853.695,25,13.437931166474266,Mount Simon7,MI,192.9,14.55,9.15,23.7
690,Sanilac,MI,271844,1,56.42049084938736,0.1939929878658947,4.228598944010066,337272.5,299500.34500000003,25,13.337780901825145,Mount Simon8,MI,93.3,7.32,14.71,22.03
682,Sully,SD,266341,1,57.2947650027027,0.1815033571042472,15.991316291863486,325402.6785714286,293024.01964285714,25,13.134256598959103,InyanKara2,SD,130.4,10.15,10.95,21.1
803,Madison,NE,353903,1,56,0.2,-1.4287969540000005,442378.75,390178.0575,25,13.437931166474266,Maha01,NE,256.3,18.85,9.23,28.08
818,Douglas,SD,355294,1,56.30451724950649,0.1956497535784787,2.668259238165239,441715.53571428574,391514.67392857146,25,13.365253483798494,Maha01,NE,253.3,18.85,9.23,28.08
816,Paulding,OH,373699,1,56.0635598744805,0.1990920017931357,-0.5736454716599934,466594.1666666667,411959.7216666667,25,13.422696436105182,Mount Simon6,IN,99.7,7.78,7.41,15.19
880,Cumberland,IL,368075,1,56,0.2,-1.4287969540000005,460093.75,405802.6875,25,13.437931166474266,Mount Simon3,IL,69.5,5.66,7.65,13.31
903,Vermilion,IL,323967,1,56,0.2,-1.428796954,404958.75,357173.6175,25,13.437931166474266,Mount Simon3,IL,81.8,6.87,7.65,14.52
924,Beadle,SD,432594,1,56.04845062936968,0.1993078481518618,-0.7769292801817541,540275.0595238095,476896.5548809524,25,13.42631485567297,InyanKara2,SD,223.5,16.56,10.95,27.51
925,Union,IN,300634,1,56.02576187192879,0.1996319732581602,-1.082189866622674,375619.7023809524,331434.81559523806,25,13.431752111515769,Mount Simon6,IN,72.2,5.66,7.41,13.07
836,Washington,IL,402410,1,56.84954673807825,0.1878636180274535,10.00123116236492,495495.59523809527,443040.63880952384,25,13.237117769639362,Knox1,IL,49,3.96,11.64,15.6
837,Buena Vista,IA,331081,1,56,0.2,-1.428796954,413851.25,365016.8025,25,13.437931166474266,Mount Simon3,IL,363.5,26.2,7.65,33.85
840,Henry,OH,342056,1,56.26504156538108,0.1962136919231274,2.137142868409227,425555.8928571429,376951.58321428567,25,13.37463057675184,Mount Simon6,IN,130,10.15,7.41,17.56
123,Spink,SD,450958,1,56,0.2,-1.428796954,563697.5,497181.195,25,13.437931166474266,InyanKara2,SD,211.7,16.13,10.95,27.08
274,Porter,IN,273251,1,56,0.2,-1.428796954,341563.75,301259.2275,25,13.437931166474266,Mount Simon6,IN,102.3,7.78,7.41,15.19
267,Benton,IN,446897,1,56,0.2,-1.428796954,558621.25,492703.9425,25,13.437931166474266,Mount Simon6,IN,71.8,5.66,7.41,13.07
265,Custer,NE,516160,1,56,0.2,-1.428796954,645200,569066.4,25,13.437931166474266,Maha01,NE,144.4,11.34,9.23,20.57
280,Champaign,IL,484074,1,56,0.2,-1.428796954,605092.5,533691.585,25,13.437931166474266,Mount Simon3,IL,57.2,4.43,7.65,12.08
309,Fremont,IA,381112,1,56,0.2,-1.428796954,476390,420175.98,25,13.437931166474266,Arbuckle4,KS,285.9,20.83,8.38,29.21
314,Clinton,IL,434505,1,56.7859137276832,0.1887726610330971,9.145095689948525,535614.3452380953,478425.3763095239,25,13.251950984381232,Knox1,IL,38.6,3.18,11.64,14.82
297,Mower,MN,441326,1,56,0.2,-1.428796954,551657.5,486561.915,25,13.437931166474266,Mount Simon3,IL,316.3,23.12,7.65,30.77
298,Nicollet,MN,512241,1,56.00826816263682,0.1998818833909024,-1.3175548914109685,640206.7261904762,564737.9515476191,25,13.435947405789786,Mount Simon3,IL,399.9,28.87,7.65,36.52
42,Butler,IA,306849,1,56,0.2,-1.428796954,383561.25,338301.0225,25,13.437931166474266,Mount Simon3,IL,268,20.01,7.65,27.66
43,Bremer,IA,304788,1,56,0.2,-1.428796954,380985,336028.77,25,13.437931166474266,Mount Simon3,IL,254,18.85,7.65,26.5
44,Renville,MN,399119,1,56.01003723509686,0.1998566109271876,-1.2937533192881308,498809.34523809527,440021.3663095238,25,13.435523032486296,Basal Cambrian8,ND,308,22.7,11.96,34.66
66,Nemaha,NE,285611,1,56,0.2,-1.428796954,357013.75,314886.1275,25,13.437931166474266,Arbuckle4,KS,258.6,19.27,8.38,27.65
11,Delaware,IN,270254,1,56,0.2,-1.428796954,337817.5,297955.035,25,13.437931166474266,Mount Simon6,IN,34.7,3.18,7.41,10.59
32,Posey,IN,266043,1,56.12390267301383,0.1982299618140882,0.2382226139220258,331819.5833333333,293252.2058333333,25,13.408264740726892,Mount Simon5,IN,70.7,5.66,9.09,14.75
41,Starke,IN,316423,1,56,0.2,-1.428796954,395528.75,348856.3575,25,13.437931166474266,Mount Simon6,IN,80.5,6.11,7.41,13.52
1,Newton,IN,377557,1,56,0.2,-1.4287969539999998,471946.25,416256.5925,25,13.437931166474266,Mount Simon6,IN,87.6,6.87,7.41,14.28
1103,Phelps,NE,412534,1,55.99909503871134,0.2000129280184095,-1.4270298849372975,515675.8333333333,454819.4183333333,25,13.438148327260471,Maha01,NE,171.9,12.95,9.23,22.18
1102,Boone,IN,515384,1,56,0.2,-1.428796954,644230,568210.86,25,13.437931166474266,Mount Simon6,IN,24.4,3.18,7.41,10.59
1090,Johnson,NE,365915,1,56,0.2,-1.428796954,457393.75,403421.2875,25,13.437931166474266,Arbuckle4,KS,244.4,18.43,8.38,26.81
1043,Benton,IA,278347,1,56,0.2,-1.428796954,347933.75,306877.5675,25,13.437931166474266,Mount Simon3,IL,210,15.71,7.65,23.36
1000,Hand,SD,365353,1,56.16848173300935,0.1975931180998664,0.8380011620718537,455321.3690476191,402689.3522619048,25,13.397623045956612,InyanKara2,SD,186.6,14.11,10.95,25.06
1005,Linn,IA,274789,1,56,0.2,-1.428796954,343486.25,302954.8725,25,13.437931166474266,Mount Simon3,IL,193.6,14.55,7.65,22.2
1006,Adams,NE,405179,1,55.97011641311444,0.2004269083840794,-1.370444886867979,506744.1666666667,446732.02166666667,25,13.445105952043972,Arbuckle4,KS,199.2,14.98,8.38,23.36
1015,Morgan,IL,472594,1,56,0.2,-1.428796954,590742.5,521034.885,25,13.437931166474266,Mount Simon3,IL,53,4.43,7.65,12.08
993,Pocahontas,IA,270462,1,56,0.2,-1.428796954,338077.5,298184.355,25,13.437931166474266,Mount Simon3,IL,343,25.07,7.65,32.72
983,Saunders,NE,383654,1,56,0.2,-1.428796954,479567.5,422978.535,25,13.437931166474266,Arbuckle4,KS,280.3,20.43,8.38,28.81
982,Sedgwick,CO,276893,1,57.36036146806768,0.1805662647418903,16.87386861047041,337907.7380952381,304601.4345238095,25,13.11923645637217,Maha01,NE,34.7,3.18,9.23,12.41
979,Thomas,KS,388366,1,57.43552798124209,0.1794924574108272,17.88517890157471,473324.1071428572,427178.5767857143,25,13.102067165959133,Arbuckle3,KS,41.1,3.18,11.65,14.83
933,Huntington,IN,383116,1,56,0.2,-1.428796954,478895,422385.39,25,13.437931166474266,Mount Simon6,IN,52.4,4.43,7.41,11.84
934,Louisa,IA,274114,1,56,0.2,-1.428796954,342642.5,302210.685,25,13.437931166474266,Mount Simon3,IL,139.4,10.6,7.65,18.25
935,Ogle,IL,470687,1,56,0.2,-1.428796954,588358.75,518932.4175,25,13.437931166474266,Mount Simon3,IL,146.9,11.34,7.65,18.99
977,Hardin,IA,333952,1,56,0.2,-1.428796954,417440,368182.08,25,13.437931166474266,Mount Simon3,IL,269.5,20.01,7.65,27.66
868,Hall,NE,342345,1,55.988115877977485,0.2001697731717502,-1.4055914703772043,428022.0833333333,377442.81083333335,25,13.440783522035948,Arbuckle4,KS,223,16.56,8.38,24.94
1332,Cuming,NE,348505,1,56,0.2,-1.428796954,435631.25,384226.7625,25,13.437931166474266,Maha01,NE,297.9,21.97,9.23,31.2
1346,Knox,IL,334984,1,56,0.2,-1.428796954,418730,369319.86,25,13.437931166474266,Mount Simon3,IL,86.8,6.87,7.65,14.52
1349,Muscatine,IA,446805,1,56,0.2,-1.428796954,558506.25,492602.5125,25,13.437931166474266,Mount Simon3,IL,146.1,11.34,7.65,18.99
1392,White,IN,414327,1,56,0.2,-1.428796954,517908.75,456795.5175,25,13.437931166474266,Mount Simon6,IN,56.9,4.43,7.41,11.84
1360,Knox,IN,289860,1,56,0.2,-1.428796954,362325,319570.65,25,13.437931166474266,Mount Simon5,IN,25.5,3.18,9.09,12.27
1371,Coles,IL,473389,1,56,0.2,-1.428796954,591736.25,521911.3725,25,13.437931166474266,Mount Simon3,IL,60.6,5.19,7.65,12.84
1372,Sangamon,IL,395505,1,56,0.2,-1.428796954,494381.25,436044.2625,25,13.437931166474266,Mount Simon3,IL,24.7,3.18,7.65,10.83
1424,McHenry,IL,350124,1,56,0.2,-1.4287969539999998,437655,386011.71,25,13.437931166474266,Mount Simon7,MI,136.9,10.6,9.15,19.75
1409,Richardson,NE,285611,1,56,0.2,-1.428796954,357013.75,314886.1275,25,13.437931166474266,Arbuckle4,KS,251.7,18.85,8.38,27.23
1296,Seward,NE,290495,1,55.98888554914887,0.2001587778693019,-1.407094365730234,363190.8333333333,320276.6483333333,25,13.440598753514548,Arbuckle4,KS,246,18.43,8.38,26.81
1242,Lake,SD,292888,1,56,0.2,-1.428796954,366110,322909.02,25,13.437931166474266,InyanKara2,SD,286.3,20.83,10.95,31.78
1208,Lyon,MN,369773,1,56,0.2,-1.4287969540000005,462216.25,407674.7325,25,13.437931166474266,Basal Cambrian8,ND,296.6,21.97,11.96,33.93
1201,Jackson,IA,465665,1,56,0.2,-1.428796954,582081.25,513395.6625,25,13.437931166474266,Mount Simon3,IL,170.6,12.95,7.65,20.6
1250,Rock Island,IL,265645,1,56,0.2,-1.428796954,332056.25,292873.6125,25,13.437931166474266,Mount Simon3,IL,127.8,10.15,7.65,17.8
1186,Lincoln,MN,273167,1,56.03651429178465,0.1994783672602192,-0.9375239456522644,341236.25,301148.3725,25,13.42917479492268,Basal Cambrian8,ND,284.9,20.83,11.96,32.79
1503,Lyon,IA,476302,1,56,0.2,-1.428796954,595377.5,525122.955,25,13.437931166474266,Maha01,NE,350.4,25.79,9.23,35.02
1530,Atchison,MO,283211,1,56,0.2,-1.428796954,354013.75,312240.1275,25,13.437931166474266,Arbuckle4,KS,277.1,20.43,8.38,28.81
1467,Tipton,IN,295017,1,56,0.2,-1.4287969540000005,368771.25,325256.2425,25,13.437931166474266,Mount Simon6,IN,7.3,3.18,7.41,10.59
1470,Red Lake,MN,472559,1,58.455563445756965,0.164920522203472,31.60900775820479,565885.0595238095,518961.5748809524,25,12.873439258195734,Basal Cambrian8,ND,159.9,12.2,11.96,24.16
1620,Yellow Medicine,MN,372788,1,56.01525500305631,0.1997820713849097,-1.2235520792526111,465858.09523809527,410988.3638095239,25,13.434271526238694,Basal Cambrian8,ND,279,20.43,11.96,32.39
1572,LaSalle,IL,516928,1,56,0.2,-1.428796954,646160,569913.12,25,13.437931166474266,Mount Simon3,IL,100.3,7.78,7.65,15.43
1588,Shelby,OH,313209,1,56.07913878382311,0.1988694459453842,-0.3640426754547571,390958.75,345267.6175,25,13.418967581214645,Mount Simon6,IN,97.9,7.78,7.41,15.19
1573,Whitley,IN,307005,1,56,0.2,-1.4287969539999998,383756.25,338473.0125,25,13.437931166474266,Mount Simon6,IN,71.2,5.66,7.41,13.07
1702,Dixon,NE,343916,1,56,0.2,-1.428796954,429895,379167.39,25,13.437931166474266,Maha01,NE,300.3,21.97,9.23,31.2
1733,Cedar,NE,425182,1,56,0.2,-1.428796954,531477.5,468763.155,25,13.437931166474266,Maha01,NE,283.2,20.83,9.23,30.06
1801,Knox,NE,307313,1,56,0.2,-1.428796954,384141.25,338812.5825,25,13.437931166474266,Maha01,NE,253.1,18.85,9.23,28.08
1790,Logan,KY,272430,1,57.00716108936816,0.1856119844375978,12.121816629930125,334521.13095238095,299860.7327380952,25,13.200519565302558,Knox5,KY,49.6,3.96,10.89,14.85
1814,Fulton,KY,350849,1,56.76792523946168,0.1883667341945491,9.389544409517642,432274.6673669468,386295.0227240896,25,13.245323209505166,Knox5,KY,123,9.72,10.89,20.61
1651,Lincoln,SD,332995,1,56,0.2,-1.428796954,416243.75,367126.9875,25,13.437931166474266,Maha01,NE,324,23.52,9.23,32.75
1661,Stearns,MN,457663,1,56,0.2,-1.428796954,572078.75,504573.4575,25,13.437931166474266,Basal Cambrian8,ND,282.7,20.83,11.96,32.79
1595,Dawson,NE,419369,1,56,0.2,-1.428796954,524211.25,462354.3225,25,13.437931166474266,Maha01,NE,144.2,11.34,9.23,20.57
1862,Lancaster,NE,277547,1,56,0.2,-1.428796954,346933.75,305995.5675,25,13.437931166474266,Arbuckle4,KS,252.7,18.85,8.38,27.23
1857,Johnson,IN,325084,1,56,0.2,-1.428796954,406355,358405.11,25,13.437931166474266,Mount Simon6,IN,49.6,3.96,7.41,11.37
1832,McLean,ND,365212,1,58.29044619562923,0.1672793400624395,29.387476291053314,438576.84523809527,401175.3013095238,25,12.909905386502002,Red River1,ND,8.6,3.18,12.18,15.36
1876,Kent,MD,320137,1,56.66407669495046,0.1905131900721363,10.1906142642909,395481.4285714286,352566.47714285715,25,13.280444846454529,Waste Gate1,MD,75.3,6.11,8.91,15.02
1896,Ward,ND,289643,1,58.67614203264447,0.1617693995336505,34.57673082391331,345540.9523809524,317977.3580952381,25,12.825044715855588,Red River1,ND,45.9,3.96,12.18,16.14
1913,Simpson,KY,283610,1,56.90429697996797,0.1870814717147433,10.737855501118576,348878.75,312218.0575,25,13.22438172968678,Knox5,KY,65,5.19,10.89,16.08
1962,Goodhue,MN,352856,1,56,0.2,-1.428796954,441070,389023.74,25,13.437931166474266,Mount Simon3,IL,358.2,26.2,7.65,33.85
1875,Lake,TN,339329,1,55.3481134299686,0.1814361704731674,10.257697425894932,414542.3823529412,373321.8753529411,25,13.13317855663572,Knox5,KY,145.1,11.34,10.89,22.23
2004,Wells,IN,480588,1,56,0.2,-1.428796954,600735,529848.27,25,13.437931166474266,Mount Simon6,IN,56.8,4.43,7.41,11.84
2037,Butler,NE,393631,1,56,0.2,-1.428796954,492038.75,433978.1775,25,13.437931166474266,Arbuckle4,KS,268.2,20.01,8.38,28.39
1406,Caroline,MD,268930,1,56.56662479549573,0.1919053600643467,7.4558900059132895,332795.1785714286,296219.2046428572,25,13.303324142869505,Waste Gate1,MD,47,3.96,8.91,12.87
1430,Clay,NE,266982,1,55.9768669261691,0.2003304724832985,-1.3836262493479807,333865.4166666667,294358.9641666667,25,13.443484543625916,Arbuckle4,KS,205.3,15.71,8.38,24.09
1263,Moody,SD,300830,1,56,0.2,-1.4287969539999998,376037.5,331665.075,25,13.437931166474266,InyanKara2,SD,307.7,22.7,10.95,33.65
1200,Douglas,IL,402476,1,56,0.2,-1.4287969539999998,503095,443729.79,25,13.437931166474266,Mount Simon3,IL,55.5,4.43,7.65,12.08
1119,Palo Alto,IA,331399,1,56,0.2,-1.428796954,414248.75,365367.3975,25,13.437931166474266,Mount Simon3,IL,356.6,25.79,7.65,33.44
1116,Antelope,NE,495712,1,56,0.2,-1.428796954,619640,546522.48,25,13.437931166474266,Maha01,NE,235.8,17.71,9.23,26.94
2171,Faribault,MN,271898,1,56,0.2,-1.428796954,339872.5,299767.545,25,13.437931166474266,Mount Simon3,IL,355.4,25.79,7.65,33.44
2162,Mills,IA,381112,1,56,0.2,-1.428796954,476390,420175.98,25,13.437931166474266,Arbuckle4,KS,300.3,21.97,8.38,30.35
2108,Platte,NE,517294,1,56,0.2,-1.428796954,646617.5,570316.635,25,13.437931166474266,Maha01,NE,258.8,19.27,9.23,28.5
2107,Pierce,NE,308110,1,56,0.2,-1.428796954,385137.5,339691.275,25,13.437931166474266,Maha01,NE,260.3,19.27,9.23,28.5
2047,Montgomery,IN,418318,1,56,0.2,-1.428796954,522897.5,461195.595,25,13.437931166474266,Mount Simon6,IN,45.9,3.96,7.41,11.37
2082,Weld,CO,339000,1,56.542102069766806,0.1922556847176171,5.864788697791898,419687.2619047619,373414.35547619045,25,13.309093892441885,Maha01,NE,113.4,8.97,9.23,18.2
2254,Todd,KY,443808,1,57.39233544897187,0.1801094935861162,17.304055066784407,541301.5476190476,488194.72690476186,25,13.111927567255671,Knox5,KY,45,3.96,10.89,14.85
2272,Pottawattamie,IA,401616,1,56,0.2,-1.4287969539999998,502020,442781.64,25,13.437931166474266,Arbuckle4,KS,318.8,23.12,8.38,31.5
2321,Grundy,IA,295679,1,56,0.2,-1.428796954,369598.75,325986.0975,25,13.437931166474266,Mount Simon3,IL,252.5,18.85,7.65,26.5
2305,Brown,SD,300694,1,56,0.2,-1.428796954,375867.5,331515.135,25,13.437931166474266,Basal Cambrian8,ND,166.3,12.95,11.96,24.91
2377,Dodge,NE,357207,1,56,0.2,-1.428796954,446508.75,393820.7175,25,13.437931166474266,Arbuckle4,KS,301,21.97,8.38,30.35
2333,O'Brien,IA,450656,1,56,0.2,-1.428796954,563320,496848.24,25,13.437931166474266,Maha01,NE,371.8,26.92,9.23,36.15
2389,Cass,NE,527510,1,56,0.2,-1.428796954,659387.5,581579.775,25,13.437931166474266,Arbuckle4,KS,276.4,20.43,8.38,28.81
2407,Kingsbury,SD,323458,1,56.036050539108174,0.1994849922984546,-0.9437633976959876,404062.38095238095,356591.1152380952,25,13.429285934371196,InyanKara2,SD,261.6,19.27,10.95,30.22
2250,Freeborn,MN,342645,1,56,0.2,-1.428796954,428306.25,377766.1125,25,13.437931166474266,Mount Simon3,IL,335.1,24.67,7.65,32.32
2205,Yuma,CO,309380,1,56,0.2,-1.4287969540000005,386725,341091.45,25,13.437931166474266,Maha01,NE,94.3,7.32,9.23,16.55
2464,Winnebago,IL,357330,1,56,0.2,-1.428796954,446662.5,393956.325,25,13.437931166474266,Mount Simon3,IL,167.3,12.95,7.65,20.6
2414,Buchanan,IA,391082,1,56,0.2,-1.428796954,488852.5,431167.905,25,13.437931166474266,Mount Simon3,IL,222.3,16.56,7.65,24.21
2465,Talbot,MD,383044,1,56.56251545248971,0.1919640649644327,7.556428157995662,474043.2738095238,421915.5484523809,25,13.304290647304216,Waste Gate1,MD,49.1,3.96,8.91,12.87
2466,Talbot,MD,325987,1,56.564210425672336,0.1919398510618237,7.5149593705615,403419.2261904762,359067.3765476191,25,13.303891977974414,Waste Gate1,MD,49.1,3.96,8.91,12.87
2616,Wabash,IL,306787,1,56.01751164852862,0.1997498335924483,-1.193190569943028,383363.8690476191,338222.8372619048,25,13.433730331402987,Mount Simon5,IN,52.7,4.43,9.09,13.52
2646,Fayette,IA,270241,1,56,0.2,-1.428796954,337801.25,297940.7025,25,13.437931166474266,Mount Simon3,IL,244.3,18.43,7.65,26.08
2467,White,IL,313755,1,56.21382883552678,0.1969453023496174,1.4481131589025178,390701.90476190473,345792.55619047617,25,13.386815324825706,Knox3,IN,71.7,5.66,10.13,15.79
2535,Christian,KY,306313,1,57.40233220820387,0.1799666827399446,17.43855412842854,373537.2619047619,336943.05547619046,25,13.10964409238775,Knox5,KY,42.1,3.18,10.89,14.07
2677,Woodford,IL,447028,1,56,0.2,-1.428796954,558785,492848.37,25,13.437931166474266,Mount Simon3,IL,60,5.19,7.65,12.84
2667,Greene,OH,302148,1,56,0.2,-1.428796954,377685,333118.17,25,13.437931166474266,Mount Simon6,IN,120.4,9.72,7.41,17.13
2681,Auglaize,OH,328683,1,56.10872455787282,0.1984467920303883,0.0340122096686366,410057.6190476191,362307.7247619048,25,13.411891844848032,Mount Simon6,IN,100.1,7.78,7.41,15.19
2678,Van Wert,OH,439044,1,56.05409081962305,0.1992272740053851,-0.7010446580790175,548275.4166666666,484002.5841666666,25,13.424963893252912,Mount Simon6,IN,89,7.32,7.41,14.73
2694,Carlisle,KY,418184,1,56.60635352772671,0.19096233642589,7.004777271638045,516890.768907563,460569.14305042016,25,13.287817634703549,Knox5,KY,101.7,7.78,10.89,18.67
2714,Hartley,TX,331168,1,53.26622227123248,0.231736246374035,3.1264675709401177,431060.0343137255,366514.7228137255,25,13.993039346762286,Wolfcamp1,TX,96.5,7.78,8.01,15.79
2751,Christian,IL,385111,1,56,0.2,-1.428796954,481388.75,424584.8775,25,13.437931166474266,Mount Simon3,IL,25.7,3.18,7.65,10.83
2207,Sioux,IA,463071,1,56,0.2,-1.428796954,578838.75,510535.7775,25,13.437931166474266,Maha01,NE,345,25.07,9.23,34.3
2753,Henderson,IL,521581,1,56,0.2,-1.428796954,651976.25,575043.0525,25,13.437931166474266,Mount Simon3,IL,108.5,8.52,7.65,16.17
2806,Davison,SD,282672,1,56.11578388700349,0.1983459444713788,0.1289903042566784,352610.9523809524,311586.0980952381,25,13.410204637573369,Maha01,NE,273.7,20.43,9.23,29.66
2826,Lee,IL,496303,1,56,0.2,-1.428796954,620378.75,547174.0575,25,13.437931166474266,Mount Simon3,IL,126.7,9.72,7.65,17.37
2832,Queen Anne's,MD,405330,1,56.64564050105336,0.1907765642706661,9.691953197385358,500887.6190476191,446402.7847619048,25,13.284767171245337,Waste Gate1,MD,63.4,5.19,8.91,14.1
2833,Queen Anne's,MD,349743,1,56.628108676993335,0.1910270189000952,8.461736914043026,432329.6428571429,385194.0307142857,25,13.2888800792369,Waste Gate1,MD,63.4,5.19,8.91,14.1
2862,Vermillion,IN,396112,1,56,0.2,-1.428796954,495140,436713.48,25,13.437931166474266,Mount Simon6,IN,78.4,6.11,7.41,13.52
2893,Thurston,NE,282814,1,56,0.2,-1.428796954,353517.5,311802.435,25,13.437931166474266,Maha01,NE,312.1,23.12,9.23,32.35
2896,Logan,IL,432359,1,56,0.2,-1.428796954,540448.75,476675.7975,25,13.437931166474266,Mount Simon3,IL,15.7,3.18,7.65,10.83
2898,Woodbury,IA,399311,1,56,0.2,-1.428796954,499138.75,440240.3775,25,13.437931166474266,Maha01,NE,340,24.67,9.23,33.9
2916,Lawrence,IL,417535,1,56.01286574910672,0.1998162035841898,-1.2556977383400345,521798.8690476191,460322.5072619047,25,13.434844571125344,Mount Simon5,IN,42.3,3.18,9.09,12.27
2940,Marshall,IA,273678,1,56,0.2,-1.428796954,342097.5,301729.995,25,13.437931166474266,Mount Simon3,IL,244.9,18.43,7.65,26.08
2951,Whitman,WA,505740,1,58.79999999999999,0.16,36.24314891,602071.4285714286,555109.8571428573,25,12.798029682356448,Duperow-Lower1,MT,295.2,21.57,15.17,36.74
2959,Delaware,IA,350007,1,56,0.2,-1.4287969540000005,437508.75,385882.7175,25,13.437931166474266,Mount Simon3,IL,208.3,15.71,7.65,23.36
2991,Dakota,NE,479104,1,56,0.2,-1.428796954,598880,528212.16,25,13.437931166474266,Maha01,NE,313.9,23.12,9.23,32.35
2992,Jasper,IN,377557,1,56,0.2,-1.4287969539999998,471946.25,416256.5925,25,13.437931166474266,Mount Simon6,IN,79.5,6.11,7.41,13.52
3013,Polk,MN,385823,1,58.37868625524292,0.166018767782244,30.574681558482908,462627.9166666667,423758.4891666667,25,12.890391915165369,Basal Cambrian8,ND,146.1,11.34,11.96,23.3
3022,Holt,NE,276064,1,56,0.2,-1.428796954,345080,304360.56,25,13.437931166474266,Maha01,NE,205.7,15.71,9.23,24.94
3050,Boone,NE,330719,1,56,0.2,-1.4287969540000005,413398.75,364617.6975,25,13.437931166474266,Maha01,NE,231,17.28,9.23,26.51
3053,Edgar,IL,332737,1,56,0.2,-1.428796954,415921.25,366842.5425,25,13.437931166474266,Mount Simon3,IL,81.4,6.87,7.65,14.52
3057,Howard,IA,266606,1,56,0.2,-1.428796954,333257.5,293933.115,25,13.437931166474266,Mount Simon3,IL,286,20.83,7.65,28.48
3068,Defiance,OH,294582,1,56.12476561246956,0.1982176341075776,0.2498328312293427,367408.9285714286,324709.53214285715,25,13.408058583595516,Mount Simon6,IN,112.6,8.97,7.41,16.38
3105,Whiteside,IL,414326,1,56,0.2,-1.428796954,517907.5,456794.415,25,13.437931166474266,Mount Simon3,IL,131.8,10.15,7.65,17.8
3154,Perry,IL,271866,1,57.16194462710888,0.1834007910413017,14.204315577932649,332924.64285714284,299165.8207142857,25,13.164775100490138,Knox1,IL,63,5.19,11.64,16.83
3172,Hanson,SD,282672,1,56.11578388700349,0.1983459444713788,0.1289903042566784,352610.9523809524,311586.0980952381,25,13.410204637573369,Maha01,NE,288.7,21.57,9.23,30.8
3189,Hamilton,IN,319604,1,56,0.2,-1.4287969539999998,399505,352363.41,25,13.437931166474266,Mount Simon6,IN,9,3.18,7.41,10.59
3208,Otter Tail,MN,395541,1,56,0.2,-1.428796954,494426.25,436083.9525,25,13.437931166474266,Basal Cambrian8,ND,206.2,15.71,11.96,27.67
3213,Burt,NE,280530,1,56,0.2,-1.428796954,350662.5,309284.325,25,13.437931166474266,Arbuckle4,KS,325.8,23.52,8.38,31.9
3221,Clay,MN,332047,1,56.63996045372045,0.1908577078039935,7.181401463020636,410369.1071428572,365697.2667857143,25,13.286099412753538,Basal Cambrian8,ND,157.6,11.77,11.96,23.73
3240,Otoe,NE,520894,1,56,0.2,-1.428796954,651117.5,574285.635,25,13.437931166474266,Arbuckle4,KS,262.4,19.27,8.38,27.65
3251,Fayette,IN,365637,1,56,0.2,-1.428796954,457046.25,403114.7925,25,13.437931166474266,Mount Simon6,IN,60.9,5.19,7.41,12.6
3252,Charles Mix,SD,355294,1,56.30451724950649,0.1956497535784787,2.668259238165239,441715.53571428574,391514.67392857146,25,13.365253483798494,Maha01,NE,237.7,17.71,9.23,26.94
3255,Henry,IL,487137,1,56,0.2,-1.428796954,608921.25,537068.5425,25,13.437931166474266,Mount Simon3,IL,109.6,8.52,7.65,16.17
