,"This sheet provides baseline capture costs and CO2 capture-related performance data for prescribed CO2 point source types, based on NETL capture cost analyses.",,,,,,,,,,,,,,,,
,,,,Maximum CO2 Mass Flow Rate,Plant Output Capacity Factor (Average Annual Ouput/Maximum Annual Output),Average Mass Flow Rate of CO2 emissions (pre-capture),Capture Percent (Percent of CO2 Emissions Captured),Annual Average Captured CO2 Mass Flow Rate ,"Capture Cost, reported","Baseline Capture Cost, escalated",CO2 Source Primary Production (Plant Size),Effective Capacity Factor (Capture % * Plant Output CF),CTS Tool Lookup For Dedicated CCUS Projects,CTS Tool Lookup for Trunklines or Intermediate Storage Pipeline Infrastructure,,,
CO2 Source Number,Literature Source,CO2 Source Type,Numbered CO2 Sources (For CTS Tool Input Interface),Tonnes per annum (tpa),%,Million metric tonnes per annum (Mtpa),%,Mtpa,2018$/t,2023$/t,Commodity Units,%,(Annual Average Captured Mass Flow Rate; Effective CF),(Annual Average Captured Mass Flow Rate; Effective CF),,,
1,Microsoft Word - 201_001_015_FEB Rev4A_Rev11_20221019.docx (doe.gov),Shell IGCC,1. Shell IGCC," 4,322,291 ",80,3.458,90,3.112050,127.7,166.1093014,519.36 MW,72,3.2;72,3.2;100,,,
2,Microsoft Word - 201_001_015_FEB Rev4A_Rev11_20221019.docx (doe.gov),CB&I E-Gas IGCC,2. CB&I E-Gas IGCC," 4,445,119 ",80,3.556,90,3.200486,104.3,135.6711052,556.88 MW,72,3.3;72,3.3;100,,,
3,Microsoft Word - 201_001_015_FEB Rev4A_Rev11_20221019.docx (doe.gov),GEP Radian IGCC,3. GEP Radian IGCC," 4,403,958 ",80,3.523,90,3.170850,106.7,138.7929715,556.43 MW,72,3.2;72,3.2;100,,,
4,Microsoft Word - 201_001_015_FEB Rev4A_Rev11_20221019.docx (doe.gov),GEP Quench IGCC,4. GEP Quench IGCC," 4,406,754 ",80,3.525,90,3.172863,91.1,118.5008407,499.12 MW,72,3.2;72,3.2;100,,,
5,Microsoft Word - 201_001_015_FEB Rev4A_Rev11_20221019.docx (doe.gov),SubC PC (90% Capt),5. SubC PC (90% Capt)," 5,915,289 ",85,5.028,90,4.525196,37,48.12877173,650.42 MW,76.5,4.6;76.5,4.6;100,,,
6,Microsoft Word - 201_001_015_FEB Rev4A_Rev11_20221019.docx (doe.gov),SubC PC (95% Capt),6. SubC PC (95% Capt)," 6,008,681 ",85,5.107,95,4.852010,36.3,47.2182274,650.36 MW,80.8,4.9;80.8,4.9;100,,,
7,Microsoft Word - 201_001_015_FEB Rev4A_Rev11_20221019.docx (doe.gov),SubC PC (99% Capt),7. SubC PC (99% Capt)," 6,112,022 ",85,5.195,99,5.143267,36.4,47.34830517,650.46 MW,84.2,5.2;84.2,5.2;100,,,
8,Microsoft Word - 201_001_015_FEB Rev4A_Rev11_20221019.docx (doe.gov),SCPC (90% Capt),8. SCPC (90% Capt)," 5,632,725 ",85,4.788,90,4.309034,38.1,49.55962711,650.3 MW,76.5,4.4;76.5,4.4;100,,,
9,Microsoft Word - 201_001_015_FEB Rev4A_Rev11_20221019.docx (doe.gov),SCPC (95% Capt),9. SCPC (95% Capt)," 5,717,278 ",85,4.860,95,4.616702,37.3,48.51900502,650.33 MW,80.8,4.7;80.8,4.7;100,,,
10,Microsoft Word - 201_001_015_FEB Rev4A_Rev11_20221019.docx (doe.gov),SCPC (99% Capt),10. SCPC (99% Capt)," 5,811,034 ",85,4.939,99,4.889985,37.4,48.64908278,650.42 MW,84.2,4.9;84.2,4.9;100,,,
11,Microsoft Word - 201_001_015_FEB Rev4A_Rev11_20221019.docx (doe.gov),NGCC F-Class (90% Capt),11. NGCC F-Class (90% Capt)," 2,179,124 ",85,1.852,90,1.667030,60.7,78.9572012,644.908 MW,76.5,1.7;76.5,1.7;100,,,
12,Microsoft Word - 201_001_015_FEB Rev4A_Rev11_20221019.docx (doe.gov),NGCC F-Class (95% Capt),12. NGCC F-Class (95% Capt)," 2,179,124 ",85,1.852,95,1.759643,59.9,77.91657911,640.358 MW,80.8,1.8;80.8,1.8;100,,,
13,Microsoft Word - 201_001_015_FEB Rev4A_Rev11_20221019.docx (doe.gov),NGCC F-Class (97% Capt),13. NGCC F-Class (97% Capt)," 2,179,124 ",85,1.852,97,1.796688,60.2,78.30681239,636.838 MW,82.5,1.8;82.5,1.8;100,,,
14,Microsoft Word - 201_001_015_FEB Rev4A_Rev11_20221019.docx (doe.gov),NGCC H-Class (90% Capt),14. NGCC H-Class (90% Capt)," 2,897,654 ",85,2.463,90,2.216705,55.9,72.71346865,883.437 MW,76.5,2.3;76.5,2.3;100,,,
15,Microsoft Word - 201_001_015_FEB Rev4A_Rev11_20221019.docx (doe.gov),NGCC H-Class (95% Capt),15. NGCC H-Class (95% Capt)," 2,897,654 ",85,2.463,95,2.339856,55.2,71.80292432,877.357 MW,80.8,2.4;80.8,2.4;100,,,
16,Microsoft Word - 201_001_015_FEB Rev4A_Rev11_20221019.docx (doe.gov),NGCC H-Class (97% Capt),16. NGCC H-Class (97% Capt)," 2,897,654 ",85,2.463,97,2.389116,55.5,72.1931576,872.587 MW,82.5,2.4;82.5,2.4;100,,,
17,TECHNICAL REPORT TEMPLATE AND USER GUIDE (doe.gov),Cement (90% Capt),17. Cement (90% Capt)," 1,210,829 ",85,1.029,90,0.926284,62.7,81.55875643,1.29 Mtpa Portland Cement,76.5,1;76.5,1;100,,,
18,TECHNICAL REPORT TEMPLATE AND USER GUIDE (doe.gov),Cement (90% Capt) (RF),18. Cement (90% Capt) (RF)," 1,210,829 ",85,1.029,90,0.926284,64.3,83.64000061,1.29 Mtpa Portland Cement,76.5,1;76.5,1;100,,,
19,TECHNICAL REPORT TEMPLATE AND USER GUIDE (doe.gov),Cement (99% Capt),19. Cement (99% Capt)," 1,210,829 ",85,1.029,99,1.018913,60.8,79.08727896,1.29 Mtpa Portland Cement,84.2,1.1;84.2,1.1;100,,,
20,TECHNICAL REPORT TEMPLATE AND USER GUIDE (doe.gov),Cement (99% Capt) (RF),20. Cement (99% Capt) (RF)," 1,210,829 ",85,1.029,99,1.018913,62.4,81.16852314,1.29 Mtpa Portland Cement,84.2,1.1;84.2,1.1;100,,,
21,TECHNICAL REPORT TEMPLATE AND USER GUIDE (doe.gov),Ethanol,21. Ethanol," 143,042 ",85,0.122,100,0.121586,31.8,41.36472814,50 Mgpa Ethanol,85,0.2;85,0.2;100,,,
22,TECHNICAL REPORT TEMPLATE AND USER GUIDE (doe.gov),Ethanol (RF),22. Ethanol (RF)," 143,042 ",85,0.122,100,0.121586,32,41.62488366,50 Mgpa Ethanol,85,0.2;85,0.2;100,,,
23,TECHNICAL REPORT TEMPLATE AND USER GUIDE (doe.gov),Ammonia (GF and RF),23. Ammonia (GF and RF)," 486,227 ",85,0.413,100,0.413293,19,24.71477467,394 ktpa Ammonia,85,0.5;85,0.5;100,,,
24,TECHNICAL REPORT TEMPLATE AND USER GUIDE (doe.gov),Ethylene Oxide (RF),24. Ethylene Oxide (RF)," 121,500 ",85,0.103,100,0.103275,26.2,34.0803735,365 ktpa EO,85,0.2;85,0.2;100,,,
25,TECHNICAL REPORT TEMPLATE AND USER GUIDE (doe.gov),Ethylene Oxide,25. Ethylene Oxide," 121,500 ",85,0.103,100,0.103275,26,33.82021798,365 ktpa EO,85,0.2;85,0.2;100,,,
26,TECHNICAL REPORT TEMPLATE AND USER GUIDE (doe.gov),Coal-to-liquids,26. Coal-to-liquids," 8,743,312 ",85,7.432,100,7.431815,5.6,7.485230063,50 kbpd HC liquids,85,7.5;85,7.5;100,,,
27,TECHNICAL REPORT TEMPLATE AND USER GUIDE (doe.gov),Gas-to-liquids,27. Gas-to-liquids," 1,858,628 ",85,1.580,100,1.579834,6.4,8.554548644,50 kbpd HC liquids,85,1.6;85,1.6;100,,,
28,TECHNICAL REPORT TEMPLATE AND USER GUIDE (doe.gov),Refinery H2 (90% Capt),28. Refinery H2 (90% Capt)," 404,700 ",85,0.344,90,0.309596,59.9,80.06522871,87 ktpa H2,76.5,0.4;76.5,0.4;100,,,
29,TECHNICAL REPORT TEMPLATE AND USER GUIDE (doe.gov),Refinery H2 (90% Capt) (RF),29. Refinery H2 (90% Capt) (RF)," 404,700 ",85,0.344,90,0.309596,61.7,82.47119552,87 ktpa H2,76.5,0.4;76.5,0.4;100,,,
30,TECHNICAL REPORT TEMPLATE AND USER GUIDE (doe.gov),Refinery H2 (99% Capt),30. Refinery H2 (99% Capt)," 404,700 ",85,0.344,99,0.340555,57.3,76.58994333,87 ktpa H2,84.2,0.4;84.2,0.4;100,,,
31,TECHNICAL REPORT TEMPLATE AND USER GUIDE (doe.gov),Refinery H2 (99% Capt) (RF),31. Refinery H2 (99% Capt) (RF)," 404,700 ",85,0.344,99,0.340555,58.9,78.72858049,87 ktpa H2,84.2,0.4;84.2,0.4;100,,,
32,TECHNICAL REPORT TEMPLATE AND USER GUIDE (doe.gov),Iron/Steel (99% Capt) (RF),32. Iron/Steel (99% Capt) (RF)," 3,738,928 ",85,3.178,99,3.146308,65.4,85.07085598,2.54 Mtpa Iron/Steel,84.2,3.2;84.2,3.2;100,,,
33,TECHNICAL REPORT TEMPLATE AND USER GUIDE (doe.gov),Iron/Steel (90% Capt) (RF),33. Iron/Steel (90% Capt) (RF)," 3,738,928 ",85,3.178,90,2.860280,65.9,85.72124479,2.54 Mtpa Iron/Steel,76.5,2.9;76.5,2.9;100,,,
34,TECHNICAL REPORT TEMPLATE AND USER GUIDE (doe.gov),NG Processing,34. NG Processing," 649,255 ",85,0.552,100,0.551867,16.1,20.94251959,330 MMscfd NG,85,0.6;85,0.6;100,,,
35,TECHNICAL REPORT TEMPLATE AND USER GUIDE (doe.gov),NG Processing (RF),35. NG Processing (RF)," 649,255 ",85,0.552,100,0.551867,16.2,21.07259735,330 MMscfd NG,85,0.6;85,0.6;100,,,
36,"Comparison of Commercial, State-of-the-Art, Fossil-Based Hydrogen Production Technologies (doe.gov)",SMR H2,36. SMR H2," 1,755,602 ",90,1.580,96.2,1.520000,50.1,65.16895848,176 ktpa H2,86.6,1.6;86.6,1.6;100,,,
37,"Comparison of Commercial, State-of-the-Art, Fossil-Based Hydrogen Production Technologies (doe.gov)",ATR H2,37. ATR H2," 2,245,738 ",90,2.021,94.5,1.910000,50.4,65.55919177,241 ktpa H2,85.1,2;85.1,2;100,,,
38,"Comparison of Commercial, State-of-the-Art, Fossil-Based Hydrogen Production Technologies (doe.gov)",Coal + Bio Gasification H2,38. Coal + Bio Gasification H2," 1,052,916 ",80,0.842,92.6,0.780000,42.9,55.80335966,48 ktpa H2,74.1,0.8;74.1,0.8;100,,,
39,"Comparison of Commercial, State-of-the-Art, Fossil-Based Hydrogen Production Technologies (doe.gov)",Coal Gasification H2,39. Coal Gasification H2," 4,324,324 ",80,3.459,92.5,3.200000,20.8,27.05617438,241 ktpa H2,74,3.2;74,3.2;100,,,
,,,,,,,,,,,,,,,,,
,,,,,,,,,,,,,,,,,
,,,,,,,,,,,,,,,,,
Low-CF Sources to consider adding in future versions,,,,,,,,,,,,,,,,,
36,extrapolation,100 MW NGCC backup,36. 100 MW NGCC backup," 391,147 ",12.3,0.048,90,0.0433,140,,100 MW,11.07,,,,,
37,Dave NREL Notes,200 MW NGCC backup,37. 200 MW NGCC backup," 782,294 ",12.3,0.096,90,0.0866,100,,200 MW,11.07,,,,,
38,extrapolation,600 MW NGCC backup,38. 600 MW NGCC backup," 2,346,883 ",12.3,0.289,90,0.2598,80,,600 MW,11.07,,,,,
